{"cameraMode":{"drawMode":2,"name":"Shaded Wireframe","section":"Shading Mode"},"sceneLighting":true,"audioPlay":false,"sceneViewState":{"showFog":true,"showMaterialUpdate":false,"showSkybox":true,"showFlares":true,"showImageEffects":true,"showParticleSystems":true},"in2DMode":false,"pivot":{"x":-11.097490310668946,"y":-1.4113359451293946,"z":1.19169282913208},"rotation":{"x":0.39376118779182436,"y":-0.04822906106710434,"z":0.02069336362183094,"w":0.9177162647247315},"size":6.0073957443237309,"orthographic":false}